PROVIDER;DESCRIPTION;ACCOUNTID;REGION;ASSESSMENTDATE;REQUIREMENTS_ID;REQUIREMENTS_DESCRIPTION;REQUIREMENTS_ATTRIBUTES_SECTION;REQUIREMENTS_ATTRIBUTES_SUBSECTION;REQUIREMENTS_ATTRIBUTES_SUBGROUP;REQUIREMENTS_ATTRIBUTES_SERVICE;REQUIREMENTS_ATTRIBUTES_TYPE;STATUS;STATUSEXTENDED;RESOURCEID;CHECKID;MUTED;RESOURCENAME;FRAMEWORK;NAME;REQUIREMENTS_ATTRIBUTES_COMMENT
aws;The Reserve Bank had prescribed a set of baseline cyber security controls for primary (Urban) cooperative banks (UCBs) in October 2018. On further examination, it has been decided to prescribe a comprehensive cyber security framework for the UCBs, as a graded approach, based on their digital depth and interconnectedness with the payment systems landscape, digital products offered by them and assessment of cyber security risk. The framework would mandate implementation of progressively stronger security measures based on the nature, variety and scale of digital product offerings of banks.;897154406216;ap-northeast-1;2026-06-23 00:27:16.288386;annex_i_7_4;Implement appropriate (e.g. centralised) systems and controls to allow, manage, log and monitor privileged/super user/administrative access to critical systems (servers/databases, applications, network devices etc.);;;;aws;;FAIL;No CloudTrail trails enabled with logging were found.;arn:aws:cloudtrail:ap-northeast-1:897154406216:trail;cloudtrail_multi_region_enabled;False;897154406216;RBI-Cyber-Security-Framework;Reserve Bank of India (RBI) Cyber Security Framework;
aws;The Reserve Bank had prescribed a set of baseline cyber security controls for primary (Urban) cooperative banks (UCBs) in October 2018. On further examination, it has been decided to prescribe a comprehensive cyber security framework for the UCBs, as a graded approach, based on their digital depth and interconnectedness with the payment systems landscape, digital products offered by them and assessment of cyber security risk. The framework would mandate implementation of progressively stronger security measures based on the nature, variety and scale of digital product offerings of banks.;897154406216;ap-northeast-2;2026-06-23 00:27:16.288386;annex_i_7_4;Implement appropriate (e.g. centralised) systems and controls to allow, manage, log and monitor privileged/super user/administrative access to critical systems (servers/databases, applications, network devices etc.);;;;aws;;FAIL;No CloudTrail trails enabled with logging were found.;arn:aws:cloudtrail:ap-northeast-2:897154406216:trail;cloudtrail_multi_region_enabled;False;897154406216;RBI-Cyber-Security-Framework;Reserve Bank of India (RBI) Cyber Security Framework;
aws;The Reserve Bank had prescribed a set of baseline cyber security controls for primary (Urban) cooperative banks (UCBs) in October 2018. On further examination, it has been decided to prescribe a comprehensive cyber security framework for the UCBs, as a graded approach, based on their digital depth and interconnectedness with the payment systems landscape, digital products offered by them and assessment of cyber security risk. The framework would mandate implementation of progressively stronger security measures based on the nature, variety and scale of digital product offerings of banks.;897154406216;ap-northeast-3;2026-06-23 00:27:16.288386;annex_i_7_4;Implement appropriate (e.g. centralised) systems and controls to allow, manage, log and monitor privileged/super user/administrative access to critical systems (servers/databases, applications, network devices etc.);;;;aws;;FAIL;No CloudTrail trails enabled with logging were found.;arn:aws:cloudtrail:ap-northeast-3:897154406216:trail;cloudtrail_multi_region_enabled;False;897154406216;RBI-Cyber-Security-Framework;Reserve Bank of India (RBI) Cyber Security Framework;
aws;The Reserve Bank had prescribed a set of baseline cyber security controls for primary (Urban) cooperative banks (UCBs) in October 2018. On further examination, it has been decided to prescribe a comprehensive cyber security framework for the UCBs, as a graded approach, based on their digital depth and interconnectedness with the payment systems landscape, digital products offered by them and assessment of cyber security risk. The framework would mandate implementation of progressively stronger security measures based on the nature, variety and scale of digital product offerings of banks.;897154406216;ap-south-1;2026-06-23 00:27:16.288386;annex_i_7_4;Implement appropriate (e.g. centralised) systems and controls to allow, manage, log and monitor privileged/super user/administrative access to critical systems (servers/databases, applications, network devices etc.);;;;aws;;FAIL;No CloudTrail trails enabled with logging were found.;arn:aws:cloudtrail:ap-south-1:897154406216:trail;cloudtrail_multi_region_enabled;False;897154406216;RBI-Cyber-Security-Framework;Reserve Bank of India (RBI) Cyber Security Framework;
aws;The Reserve Bank had prescribed a set of baseline cyber security controls for primary (Urban) cooperative banks (UCBs) in October 2018. On further examination, it has been decided to prescribe a comprehensive cyber security framework for the UCBs, as a graded approach, based on their digital depth and interconnectedness with the payment systems landscape, digital products offered by them and assessment of cyber security risk. The framework would mandate implementation of progressively stronger security measures based on the nature, variety and scale of digital product offerings of banks.;897154406216;ap-southeast-1;2026-06-23 00:27:16.288386;annex_i_7_4;Implement appropriate (e.g. centralised) systems and controls to allow, manage, log and monitor privileged/super user/administrative access to critical systems (servers/databases, applications, network devices etc.);;;;aws;;FAIL;No CloudTrail trails enabled with logging were found.;arn:aws:cloudtrail:ap-southeast-1:897154406216:trail;cloudtrail_multi_region_enabled;False;897154406216;RBI-Cyber-Security-Framework;Reserve Bank of India (RBI) Cyber Security Framework;
aws;The Reserve Bank had prescribed a set of baseline cyber security controls for primary (Urban) cooperative banks (UCBs) in October 2018. On further examination, it has been decided to prescribe a comprehensive cyber security framework for the UCBs, as a graded approach, based on their digital depth and interconnectedness with the payment systems landscape, digital products offered by them and assessment of cyber security risk. The framework would mandate implementation of progressively stronger security measures based on the nature, variety and scale of digital product offerings of banks.;897154406216;ap-southeast-2;2026-06-23 00:27:16.288386;annex_i_7_4;Implement appropriate (e.g. centralised) systems and controls to allow, manage, log and monitor privileged/super user/administrative access to critical systems (servers/databases, applications, network devices etc.);;;;aws;;FAIL;No CloudTrail trails enabled with logging were found.;arn:aws:cloudtrail:ap-southeast-2:897154406216:trail;cloudtrail_multi_region_enabled;False;897154406216;RBI-Cyber-Security-Framework;Reserve Bank of India (RBI) Cyber Security Framework;
aws;The Reserve Bank had prescribed a set of baseline cyber security controls for primary (Urban) cooperative banks (UCBs) in October 2018. On further examination, it has been decided to prescribe a comprehensive cyber security framework for the UCBs, as a graded approach, based on their digital depth and interconnectedness with the payment systems landscape, digital products offered by them and assessment of cyber security risk. The framework would mandate implementation of progressively stronger security measures based on the nature, variety and scale of digital product offerings of banks.;897154406216;ca-central-1;2026-06-23 00:27:16.288386;annex_i_7_4;Implement appropriate (e.g. centralised) systems and controls to allow, manage, log and monitor privileged/super user/administrative access to critical systems (servers/databases, applications, network devices etc.);;;;aws;;FAIL;No CloudTrail trails enabled with logging were found.;arn:aws:cloudtrail:ca-central-1:897154406216:trail;cloudtrail_multi_region_enabled;False;897154406216;RBI-Cyber-Security-Framework;Reserve Bank of India (RBI) Cyber Security Framework;
aws;The Reserve Bank had prescribed a set of baseline cyber security controls for primary (Urban) cooperative banks (UCBs) in October 2018. On further examination, it has been decided to prescribe a comprehensive cyber security framework for the UCBs, as a graded approach, based on their digital depth and interconnectedness with the payment systems landscape, digital products offered by them and assessment of cyber security risk. The framework would mandate implementation of progressively stronger security measures based on the nature, variety and scale of digital product offerings of banks.;897154406216;eu-central-1;2026-06-23 00:27:16.288386;annex_i_7_4;Implement appropriate (e.g. centralised) systems and controls to allow, manage, log and monitor privileged/super user/administrative access to critical systems (servers/databases, applications, network devices etc.);;;;aws;;FAIL;No CloudTrail trails enabled with logging were found.;arn:aws:cloudtrail:eu-central-1:897154406216:trail;cloudtrail_multi_region_enabled;False;897154406216;RBI-Cyber-Security-Framework;Reserve Bank of India (RBI) Cyber Security Framework;
aws;The Reserve Bank had prescribed a set of baseline cyber security controls for primary (Urban) cooperative banks (UCBs) in October 2018. On further examination, it has been decided to prescribe a comprehensive cyber security framework for the UCBs, as a graded approach, based on their digital depth and interconnectedness with the payment systems landscape, digital products offered by them and assessment of cyber security risk. The framework would mandate implementation of progressively stronger security measures based on the nature, variety and scale of digital product offerings of banks.;897154406216;eu-north-1;2026-06-23 00:27:16.288386;annex_i_7_4;Implement appropriate (e.g. centralised) systems and controls to allow, manage, log and monitor privileged/super user/administrative access to critical systems (servers/databases, applications, network devices etc.);;;;aws;;FAIL;No CloudTrail trails enabled with logging were found.;arn:aws:cloudtrail:eu-north-1:897154406216:trail;cloudtrail_multi_region_enabled;False;897154406216;RBI-Cyber-Security-Framework;Reserve Bank of India (RBI) Cyber Security Framework;
aws;The Reserve Bank had prescribed a set of baseline cyber security controls for primary (Urban) cooperative banks (UCBs) in October 2018. On further examination, it has been decided to prescribe a comprehensive cyber security framework for the UCBs, as a graded approach, based on their digital depth and interconnectedness with the payment systems landscape, digital products offered by them and assessment of cyber security risk. The framework would mandate implementation of progressively stronger security measures based on the nature, variety and scale of digital product offerings of banks.;897154406216;eu-west-1;2026-06-23 00:27:16.288386;annex_i_7_4;Implement appropriate (e.g. centralised) systems and controls to allow, manage, log and monitor privileged/super user/administrative access to critical systems (servers/databases, applications, network devices etc.);;;;aws;;FAIL;No CloudTrail trails enabled with logging were found.;arn:aws:cloudtrail:eu-west-1:897154406216:trail;cloudtrail_multi_region_enabled;False;897154406216;RBI-Cyber-Security-Framework;Reserve Bank of India (RBI) Cyber Security Framework;
aws;The Reserve Bank had prescribed a set of baseline cyber security controls for primary (Urban) cooperative banks (UCBs) in October 2018. On further examination, it has been decided to prescribe a comprehensive cyber security framework for the UCBs, as a graded approach, based on their digital depth and interconnectedness with the payment systems landscape, digital products offered by them and assessment of cyber security risk. The framework would mandate implementation of progressively stronger security measures based on the nature, variety and scale of digital product offerings of banks.;897154406216;eu-west-2;2026-06-23 00:27:16.288386;annex_i_7_4;Implement appropriate (e.g. centralised) systems and controls to allow, manage, log and monitor privileged/super user/administrative access to critical systems (servers/databases, applications, network devices etc.);;;;aws;;FAIL;No CloudTrail trails enabled with logging were found.;arn:aws:cloudtrail:eu-west-2:897154406216:trail;cloudtrail_multi_region_enabled;False;897154406216;RBI-Cyber-Security-Framework;Reserve Bank of India (RBI) Cyber Security Framework;
aws;The Reserve Bank had prescribed a set of baseline cyber security controls for primary (Urban) cooperative banks (UCBs) in October 2018. On further examination, it has been decided to prescribe a comprehensive cyber security framework for the UCBs, as a graded approach, based on their digital depth and interconnectedness with the payment systems landscape, digital products offered by them and assessment of cyber security risk. The framework would mandate implementation of progressively stronger security measures based on the nature, variety and scale of digital product offerings of banks.;897154406216;eu-west-3;2026-06-23 00:27:16.288386;annex_i_7_4;Implement appropriate (e.g. centralised) systems and controls to allow, manage, log and monitor privileged/super user/administrative access to critical systems (servers/databases, applications, network devices etc.);;;;aws;;FAIL;No CloudTrail trails enabled with logging were found.;arn:aws:cloudtrail:eu-west-3:897154406216:trail;cloudtrail_multi_region_enabled;False;897154406216;RBI-Cyber-Security-Framework;Reserve Bank of India (RBI) Cyber Security Framework;
aws;The Reserve Bank had prescribed a set of baseline cyber security controls for primary (Urban) cooperative banks (UCBs) in October 2018. On further examination, it has been decided to prescribe a comprehensive cyber security framework for the UCBs, as a graded approach, based on their digital depth and interconnectedness with the payment systems landscape, digital products offered by them and assessment of cyber security risk. The framework would mandate implementation of progressively stronger security measures based on the nature, variety and scale of digital product offerings of banks.;897154406216;sa-east-1;2026-06-23 00:27:16.288386;annex_i_7_4;Implement appropriate (e.g. centralised) systems and controls to allow, manage, log and monitor privileged/super user/administrative access to critical systems (servers/databases, applications, network devices etc.);;;;aws;;FAIL;No CloudTrail trails enabled with logging were found.;arn:aws:cloudtrail:sa-east-1:897154406216:trail;cloudtrail_multi_region_enabled;False;897154406216;RBI-Cyber-Security-Framework;Reserve Bank of India (RBI) Cyber Security Framework;
aws;The Reserve Bank had prescribed a set of baseline cyber security controls for primary (Urban) cooperative banks (UCBs) in October 2018. On further examination, it has been decided to prescribe a comprehensive cyber security framework for the UCBs, as a graded approach, based on their digital depth and interconnectedness with the payment systems landscape, digital products offered by them and assessment of cyber security risk. The framework would mandate implementation of progressively stronger security measures based on the nature, variety and scale of digital product offerings of banks.;897154406216;us-east-1;2026-06-23 00:27:16.288386;annex_i_7_4;Implement appropriate (e.g. centralised) systems and controls to allow, manage, log and monitor privileged/super user/administrative access to critical systems (servers/databases, applications, network devices etc.);;;;aws;;FAIL;No CloudTrail trails enabled with logging were found.;arn:aws:cloudtrail:us-east-1:897154406216:trail;cloudtrail_multi_region_enabled;False;897154406216;RBI-Cyber-Security-Framework;Reserve Bank of India (RBI) Cyber Security Framework;
aws;The Reserve Bank had prescribed a set of baseline cyber security controls for primary (Urban) cooperative banks (UCBs) in October 2018. On further examination, it has been decided to prescribe a comprehensive cyber security framework for the UCBs, as a graded approach, based on their digital depth and interconnectedness with the payment systems landscape, digital products offered by them and assessment of cyber security risk. The framework would mandate implementation of progressively stronger security measures based on the nature, variety and scale of digital product offerings of banks.;897154406216;us-east-2;2026-06-23 00:27:16.288386;annex_i_7_4;Implement appropriate (e.g. centralised) systems and controls to allow, manage, log and monitor privileged/super user/administrative access to critical systems (servers/databases, applications, network devices etc.);;;;aws;;FAIL;No CloudTrail trails enabled with logging were found.;arn:aws:cloudtrail:us-east-2:897154406216:trail;cloudtrail_multi_region_enabled;False;897154406216;RBI-Cyber-Security-Framework;Reserve Bank of India (RBI) Cyber Security Framework;
aws;The Reserve Bank had prescribed a set of baseline cyber security controls for primary (Urban) cooperative banks (UCBs) in October 2018. On further examination, it has been decided to prescribe a comprehensive cyber security framework for the UCBs, as a graded approach, based on their digital depth and interconnectedness with the payment systems landscape, digital products offered by them and assessment of cyber security risk. The framework would mandate implementation of progressively stronger security measures based on the nature, variety and scale of digital product offerings of banks.;897154406216;us-west-1;2026-06-23 00:27:16.288386;annex_i_7_4;Implement appropriate (e.g. centralised) systems and controls to allow, manage, log and monitor privileged/super user/administrative access to critical systems (servers/databases, applications, network devices etc.);;;;aws;;FAIL;No CloudTrail trails enabled with logging were found.;arn:aws:cloudtrail:us-west-1:897154406216:trail;cloudtrail_multi_region_enabled;False;897154406216;RBI-Cyber-Security-Framework;Reserve Bank of India (RBI) Cyber Security Framework;
aws;The Reserve Bank had prescribed a set of baseline cyber security controls for primary (Urban) cooperative banks (UCBs) in October 2018. On further examination, it has been decided to prescribe a comprehensive cyber security framework for the UCBs, as a graded approach, based on their digital depth and interconnectedness with the payment systems landscape, digital products offered by them and assessment of cyber security risk. The framework would mandate implementation of progressively stronger security measures based on the nature, variety and scale of digital product offerings of banks.;897154406216;us-west-2;2026-06-23 00:27:16.288386;annex_i_7_4;Implement appropriate (e.g. centralised) systems and controls to allow, manage, log and monitor privileged/super user/administrative access to critical systems (servers/databases, applications, network devices etc.);;;;aws;;FAIL;No CloudTrail trails enabled with logging were found.;arn:aws:cloudtrail:us-west-2:897154406216:trail;cloudtrail_multi_region_enabled;False;897154406216;RBI-Cyber-Security-Framework;Reserve Bank of India (RBI) Cyber Security Framework;
aws;The Reserve Bank had prescribed a set of baseline cyber security controls for primary (Urban) cooperative banks (UCBs) in October 2018. On further examination, it has been decided to prescribe a comprehensive cyber security framework for the UCBs, as a graded approach, based on their digital depth and interconnectedness with the payment systems landscape, digital products offered by them and assessment of cyber security risk. The framework would mandate implementation of progressively stronger security measures based on the nature, variety and scale of digital product offerings of banks.;897154406216;us-east-1;2026-06-23 00:27:16.288386;annex_i_7_4;Implement appropriate (e.g. centralised) systems and controls to allow, manage, log and monitor privileged/super user/administrative access to critical systems (servers/databases, applications, network devices etc.);;;;aws;;FAIL;No CloudTrail trails have a data event to record all S3 object-level API operations.;arn:aws:cloudtrail:us-east-1:897154406216:trail;cloudtrail_s3_dataevents_read_enabled;False;897154406216;RBI-Cyber-Security-Framework;Reserve Bank of India (RBI) Cyber Security Framework;
aws;The Reserve Bank had prescribed a set of baseline cyber security controls for primary (Urban) cooperative banks (UCBs) in October 2018. On further examination, it has been decided to prescribe a comprehensive cyber security framework for the UCBs, as a graded approach, based on their digital depth and interconnectedness with the payment systems landscape, digital products offered by them and assessment of cyber security risk. The framework would mandate implementation of progressively stronger security measures based on the nature, variety and scale of digital product offerings of banks.;897154406216;us-east-1;2026-06-23 00:27:16.288386;annex_i_7_4;Implement appropriate (e.g. centralised) systems and controls to allow, manage, log and monitor privileged/super user/administrative access to critical systems (servers/databases, applications, network devices etc.);;;;aws;;FAIL;No CloudTrail trails have a data event to record all S3 object-level API operations.;arn:aws:cloudtrail:us-east-1:897154406216:trail;cloudtrail_s3_dataevents_write_enabled;False;897154406216;RBI-Cyber-Security-Framework;Reserve Bank of India (RBI) Cyber Security Framework;
aws;The Reserve Bank had prescribed a set of baseline cyber security controls for primary (Urban) cooperative banks (UCBs) in October 2018. On further examination, it has been decided to prescribe a comprehensive cyber security framework for the UCBs, as a graded approach, based on their digital depth and interconnectedness with the payment systems landscape, digital products offered by them and assessment of cyber security risk. The framework would mandate implementation of progressively stronger security measures based on the nature, variety and scale of digital product offerings of banks.;897154406216;us-east-1;2026-06-23 00:27:16.288386;annex_i_7_1;Disallow administrative rights on end-user workstations/PCs/laptops and provide access rights on a ‘need to know’ and ‘need to do’ basis.;;;;iam;;PASS;AWS policy AWSTrustedAdvisorServiceRolePolicy is attached but does not allow '*:*' administrative privileges.;arn:aws:iam::aws:policy/aws-service-role/AWSTrustedAdvisorServiceRolePolicy;iam_aws_attached_policy_no_administrative_privileges;False;AWSTrustedAdvisorServiceRolePolicy;RBI-Cyber-Security-Framework;Reserve Bank of India (RBI) Cyber Security Framework;
aws;The Reserve Bank had prescribed a set of baseline cyber security controls for primary (Urban) cooperative banks (UCBs) in October 2018. On further examination, it has been decided to prescribe a comprehensive cyber security framework for the UCBs, as a graded approach, based on their digital depth and interconnectedness with the payment systems landscape, digital products offered by them and assessment of cyber security risk. The framework would mandate implementation of progressively stronger security measures based on the nature, variety and scale of digital product offerings of banks.;897154406216;us-east-1;2026-06-23 00:27:16.288386;annex_i_7_1;Disallow administrative rights on end-user workstations/PCs/laptops and provide access rights on a ‘need to know’ and ‘need to do’ basis.;;;;iam;;FAIL;AWS policy AdministratorAccess is attached and allows '*:*' administrative privileges.;arn:aws:iam::aws:policy/AdministratorAccess;iam_aws_attached_policy_no_administrative_privileges;False;AdministratorAccess;RBI-Cyber-Security-Framework;Reserve Bank of India (RBI) Cyber Security Framework;
aws;The Reserve Bank had prescribed a set of baseline cyber security controls for primary (Urban) cooperative banks (UCBs) in October 2018. On further examination, it has been decided to prescribe a comprehensive cyber security framework for the UCBs, as a graded approach, based on their digital depth and interconnectedness with the payment systems landscape, digital products offered by them and assessment of cyber security risk. The framework would mandate implementation of progressively stronger security measures based on the nature, variety and scale of digital product offerings of banks.;897154406216;us-east-1;2026-06-23 00:27:16.288386;annex_i_7_1;Disallow administrative rights on end-user workstations/PCs/laptops and provide access rights on a ‘need to know’ and ‘need to do’ basis.;;;;iam;;PASS;AWS policy AWSSupportServiceRolePolicy is attached but does not allow '*:*' administrative privileges.;arn:aws:iam::aws:policy/aws-service-role/AWSSupportServiceRolePolicy;iam_aws_attached_policy_no_administrative_privileges;False;AWSSupportServiceRolePolicy;RBI-Cyber-Security-Framework;Reserve Bank of India (RBI) Cyber Security Framework;
aws;The Reserve Bank had prescribed a set of baseline cyber security controls for primary (Urban) cooperative banks (UCBs) in October 2018. On further examination, it has been decided to prescribe a comprehensive cyber security framework for the UCBs, as a graded approach, based on their digital depth and interconnectedness with the payment systems landscape, digital products offered by them and assessment of cyber security risk. The framework would mandate implementation of progressively stronger security measures based on the nature, variety and scale of digital product offerings of banks.;897154406216;us-east-1;2026-06-23 00:27:16.288386;annex_i_7_1;Disallow administrative rights on end-user workstations/PCs/laptops and provide access rights on a ‘need to know’ and ‘need to do’ basis.;;;;iam;;PASS;Root account does not have access keys.;arn:aws:iam::897154406216:root;iam_no_root_access_key;False;<root_account>;RBI-Cyber-Security-Framework;Reserve Bank of India (RBI) Cyber Security Framework;
aws;The Reserve Bank had prescribed a set of baseline cyber security controls for primary (Urban) cooperative banks (UCBs) in October 2018. On further examination, it has been decided to prescribe a comprehensive cyber security framework for the UCBs, as a graded approach, based on their digital depth and interconnectedness with the payment systems landscape, digital products offered by them and assessment of cyber security risk. The framework would mandate implementation of progressively stronger security measures based on the nature, variety and scale of digital product offerings of banks.;897154406216;us-east-1;2026-06-23 00:27:16.288386;annex_i_7_2;Passwords should be set as complex and lengthy and users should not use same passwords for all the applications/systems/devices.;;;;iam;;FAIL;IAM password policy reuse prevention is less than 24 or not set.;arn:aws:iam:us-east-1:897154406216:password-policy;iam_password_policy_reuse_24;False;897154406216;RBI-Cyber-Security-Framework;Reserve Bank of India (RBI) Cyber Security Framework;
aws;The Reserve Bank had prescribed a set of baseline cyber security controls for primary (Urban) cooperative banks (UCBs) in October 2018. On further examination, it has been decided to prescribe a comprehensive cyber security framework for the UCBs, as a graded approach, based on their digital depth and interconnectedness with the payment systems landscape, digital products offered by them and assessment of cyber security risk. The framework would mandate implementation of progressively stronger security measures based on the nature, variety and scale of digital product offerings of banks.;897154406216;us-east-1;2026-06-23 00:27:16.288386;annex_i_7_1;Disallow administrative rights on end-user workstations/PCs/laptops and provide access rights on a ‘need to know’ and ‘need to do’ basis.;;;;iam;;FAIL;User lab-admin has the policy AdministratorAccess attached.;arn:aws:iam::897154406216:user/lab-admin;iam_policy_attached_only_to_group_or_roles;False;lab-admin/AdministratorAccess;RBI-Cyber-Security-Framework;Reserve Bank of India (RBI) Cyber Security Framework;
aws;The Reserve Bank had prescribed a set of baseline cyber security controls for primary (Urban) cooperative banks (UCBs) in October 2018. On further examination, it has been decided to prescribe a comprehensive cyber security framework for the UCBs, as a graded approach, based on their digital depth and interconnectedness with the payment systems landscape, digital products offered by them and assessment of cyber security risk. The framework would mandate implementation of progressively stronger security measures based on the nature, variety and scale of digital product offerings of banks.;897154406216;us-east-1;2026-06-23 00:27:16.288386;annex_i_1_1;UCBs should maintain an up-to-date business IT Asset Inventory Register containing the following fields, as a minimum: a) Details of the IT Asset (viz., hardware/software/network devices, key personnel, services, etc.), b. Details of systems where customer data are stored, c. Associated business applications, if any, d. Criticality of the IT asset (For example, High/Medium/Low).;;;;aws;;FAIL;AWS Organizations is not in-use for this AWS Account.;arn:aws:organizations::897154406216:unknown;organizations_account_part_of_organizations;False;unknown;RBI-Cyber-Security-Framework;Reserve Bank of India (RBI) Cyber Security Framework;
aws;The Reserve Bank had prescribed a set of baseline cyber security controls for primary (Urban) cooperative banks (UCBs) in October 2018. On further examination, it has been decided to prescribe a comprehensive cyber security framework for the UCBs, as a graded approach, based on their digital depth and interconnectedness with the payment systems landscape, digital products offered by them and assessment of cyber security risk. The framework would mandate implementation of progressively stronger security measures based on the nature, variety and scale of digital product offerings of banks.;897154406216;us-east-1;2026-06-23 00:27:16.288386;annex_i_1_3;Appropriately manage and provide protection within and outside UCB/network, keeping in mind how the data/information is stored, transmitted, processed, accessed and put to use within/outside the UCB’s network, and level of risk they are exposed to depending on the sensitivity of the data/information.;;;;aws;;FAIL;Block Public Access is not configured for the account 897154406216.;arn:aws:s3:us-east-1:897154406216:account;s3_account_level_public_access_blocks;False;897154406216;RBI-Cyber-Security-Framework;Reserve Bank of India (RBI) Cyber Security Framework;
aws;The Reserve Bank had prescribed a set of baseline cyber security controls for primary (Urban) cooperative banks (UCBs) in October 2018. On further examination, it has been decided to prescribe a comprehensive cyber security framework for the UCBs, as a graded approach, based on their digital depth and interconnectedness with the payment systems landscape, digital products offered by them and assessment of cyber security risk. The framework would mandate implementation of progressively stronger security measures based on the nature, variety and scale of digital product offerings of banks.;897154406216;us-east-1;2026-06-23 00:27:16.288386;annex_i_1_3;Appropriately manage and provide protection within and outside UCB/network, keeping in mind how the data/information is stored, transmitted, processed, accessed and put to use within/outside the UCB’s network, and level of risk they are exposed to depending on the sensitivity of the data/information.;;;;aws;;PASS;S3 Bucket my-grc-lab-bucket-199304cd has Server Side Encryption with AES256.;arn:aws:s3:::my-grc-lab-bucket-199304cd;s3_bucket_default_encryption;False;my-grc-lab-bucket-199304cd;RBI-Cyber-Security-Framework;Reserve Bank of India (RBI) Cyber Security Framework;
aws;The Reserve Bank had prescribed a set of baseline cyber security controls for primary (Urban) cooperative banks (UCBs) in October 2018. On further examination, it has been decided to prescribe a comprehensive cyber security framework for the UCBs, as a graded approach, based on their digital depth and interconnectedness with the payment systems landscape, digital products offered by them and assessment of cyber security risk. The framework would mandate implementation of progressively stronger security measures based on the nature, variety and scale of digital product offerings of banks.;897154406216;us-east-1;2026-06-23 00:27:16.288386;annex_i_12;Take periodic back up of the important data and store this data ‘off line’ (i.e., transferring important files to a storage device that can be detached from a computer/system after copying all the files).;;;;aws;;PASS;S3 Bucket my-grc-lab-bucket-199304cd has versioning enabled.;arn:aws:s3:::my-grc-lab-bucket-199304cd;s3_bucket_object_versioning;False;my-grc-lab-bucket-199304cd;RBI-Cyber-Security-Framework;Reserve Bank of India (RBI) Cyber Security Framework;
aws;The Reserve Bank had prescribed a set of baseline cyber security controls for primary (Urban) cooperative banks (UCBs) in October 2018. On further examination, it has been decided to prescribe a comprehensive cyber security framework for the UCBs, as a graded approach, based on their digital depth and interconnectedness with the payment systems landscape, digital products offered by them and assessment of cyber security risk. The framework would mandate implementation of progressively stronger security measures based on the nature, variety and scale of digital product offerings of banks.;897154406216;us-east-1;2026-06-23 00:27:16.288386;annex_i_1_3;Appropriately manage and provide protection within and outside UCB/network, keeping in mind how the data/information is stored, transmitted, processed, accessed and put to use within/outside the UCB’s network, and level of risk they are exposed to depending on the sensitivity of the data/information.;;;;aws;;PASS;S3 Bucket my-grc-lab-bucket-199304cd does not have a bucket policy.;arn:aws:s3:::my-grc-lab-bucket-199304cd;s3_bucket_policy_public_write_access;False;my-grc-lab-bucket-199304cd;RBI-Cyber-Security-Framework;Reserve Bank of India (RBI) Cyber Security Framework;
aws;The Reserve Bank had prescribed a set of baseline cyber security controls for primary (Urban) cooperative banks (UCBs) in October 2018. On further examination, it has been decided to prescribe a comprehensive cyber security framework for the UCBs, as a graded approach, based on their digital depth and interconnectedness with the payment systems landscape, digital products offered by them and assessment of cyber security risk. The framework would mandate implementation of progressively stronger security measures based on the nature, variety and scale of digital product offerings of banks.;897154406216;us-east-1;2026-06-23 00:27:16.288386;annex_i_1_3;Appropriately manage and provide protection within and outside UCB/network, keeping in mind how the data/information is stored, transmitted, processed, accessed and put to use within/outside the UCB’s network, and level of risk they are exposed to depending on the sensitivity of the data/information.;;;;aws;;PASS;S3 Bucket my-grc-lab-bucket-199304cd is not public.;arn:aws:s3:::my-grc-lab-bucket-199304cd;s3_bucket_public_access;False;my-grc-lab-bucket-199304cd;RBI-Cyber-Security-Framework;Reserve Bank of India (RBI) Cyber Security Framework;
aws;The Reserve Bank had prescribed a set of baseline cyber security controls for primary (Urban) cooperative banks (UCBs) in October 2018. On further examination, it has been decided to prescribe a comprehensive cyber security framework for the UCBs, as a graded approach, based on their digital depth and interconnectedness with the payment systems landscape, digital products offered by them and assessment of cyber security risk. The framework would mandate implementation of progressively stronger security measures based on the nature, variety and scale of digital product offerings of banks.;897154406216;us-east-1;2026-06-23 00:27:16.288386;annex_i_1_3;Appropriately manage and provide protection within and outside UCB/network, keeping in mind how the data/information is stored, transmitted, processed, accessed and put to use within/outside the UCB’s network, and level of risk they are exposed to depending on the sensitivity of the data/information.;;;;aws;;FAIL;S3 Bucket my-grc-lab-bucket-199304cd does not have a bucket policy, thus it allows HTTP requests.;arn:aws:s3:::my-grc-lab-bucket-199304cd;s3_bucket_secure_transport_policy;False;my-grc-lab-bucket-199304cd;RBI-Cyber-Security-Framework;Reserve Bank of India (RBI) Cyber Security Framework;
aws;The Reserve Bank had prescribed a set of baseline cyber security controls for primary (Urban) cooperative banks (UCBs) in October 2018. On further examination, it has been decided to prescribe a comprehensive cyber security framework for the UCBs, as a graded approach, based on their digital depth and interconnectedness with the payment systems landscape, digital products offered by them and assessment of cyber security risk. The framework would mandate implementation of progressively stronger security measures based on the nature, variety and scale of digital product offerings of banks.;897154406216;us-east-1;2026-06-23 00:27:16.288386;annex_i_7_4;Implement appropriate (e.g. centralised) systems and controls to allow, manage, log and monitor privileged/super user/administrative access to critical systems (servers/databases, applications, network devices etc.);;;;aws;;FAIL;S3 Bucket my-grc-lab-bucket-199304cd has server access logging disabled.;arn:aws:s3:::my-grc-lab-bucket-199304cd;s3_bucket_server_access_logging_enabled;False;my-grc-lab-bucket-199304cd;RBI-Cyber-Security-Framework;Reserve Bank of India (RBI) Cyber Security Framework;
